b1,1CC rate,2CC rate,Game 1 rate,C rate,SPE rate,N,strat,strat_space,transition,eps,beta
1.8,0.2075132036098944,0.031780096927796014,0.5491628489441894,0.2921580183920356,0.086768,32,S_12_EqualSay_G2_Default,S_12,EqualSay_G2_Default,0.001,2.0
1.8,0.21319262682799947,0.03151054135366392,0.5484427001096911,0.2992983808030823,0.095524,32,S_12_EqualSay_G2_Default,S_12,EqualSay_G2_Default,0.001,2.0
1.8,0.20833691806213164,0.0312040400505782,0.5427092784782803,0.29269739094392017,0.085228,32,S_12_EqualSay_G2_Default,S_12,EqualSay_G2_Default,0.001,2.0
1.8,0.1980915512600052,0.03190812545304017,0.5402341576566191,0.2843074534510435,0.078704,32,S_12_EqualSay_G2_Default,S_12,EqualSay_G2_Default,0.001,2.0
1.8,0.19975771003708706,0.032466165661205755,0.5457163708423256,0.28706536224604534,0.081344,32,S_12_EqualSay_G2_Default,S_12,EqualSay_G2_Default,0.001,2.0
