b1,1CC rate,2CC rate,Game 1 rate,C rate,SPE rate,eps,strat,strat_space,transition,N,beta
1.8,0.5892075342471517,0.01139513452943686,0.785261840295015,0.6220349732446903,0.0,0.0001,S_12_EqualSay_G2_Default,S_12,EqualSay_G2_Default,100,2.0
1.8,0.6195450540813727,0.011719316723120382,0.793329550392586,0.6514016521634866,0.0,0.0001,S_12_EqualSay_G2_Default,S_12,EqualSay_G2_Default,100,2.0
1.8,0.5547180726690304,0.013614225482579964,0.7460868010976449,0.5916357675618272,0.0,0.0001,S_12_EqualSay_G2_Default,S_12,EqualSay_G2_Default,100,2.0
1.8,0.5866920176255471,0.012700482867795931,0.7649837935885304,0.6214248483220639,0.0,0.0001,S_12_EqualSay_G2_Default,S_12,EqualSay_G2_Default,100,2.0
1.8,0.6083970046392148,0.01295930170425012,0.7837559472041723,0.6422021086552098,0.0,0.0001,S_12_EqualSay_G2_Default,S_12,EqualSay_G2_Default,100,2.0
