b1,1CC rate,2CC rate,Game 1 rate,C rate,CoopSPE rate,strat,strat_space,transition
1.42,0.05548984147560919,0.03594490333340645,0.5820596137603066,0.14438183700969268,0.0,S_12_EqualSay_G1_Default,S_12,EqualSay_G1_Default
1.56,0.10452607596899594,0.03121381150718895,0.5787606266656783,0.18448499044311634,0.0,S_12_EqualSay_G1_Default,S_12,EqualSay_G1_Default
1.7000000000000002,0.2054029743355055,0.03504637877684424,0.6548417168671872,0.28408773902057216,0.13034,S_12_EqualSay_G1_Default,S_12,EqualSay_G1_Default
1.8400000000000003,0.8298996914536056,0.007061435577513698,0.913076631313629,0.845135267812984,0.8245,S_12_EqualSay_G1_Default,S_12,EqualSay_G1_Default
1.9800000000000004,0.8324646094671161,0.00800943132439741,0.93487218882395,0.8509248329352799,0.706,S_12_EqualSay_G1_Default,S_12,EqualSay_G1_Default
2.1200000000000006,0.9423656186922031,0.004197132182985726,0.97984189603991,0.9520152215422393,0.83946,S_12_EqualSay_G1_Default,S_12,EqualSay_G1_Default
2.2600000000000007,0.9315315113675072,0.006655852317686249,0.9701028463794305,0.9436317349529981,0.79904,S_12_EqualSay_G1_Default,S_12,EqualSay_G1_Default
2.400000000000001,0.9323258003755415,0.005736564751484013,0.9656135273203408,0.9414350090584966,0.64998,S_12_EqualSay_G1_Default,S_12,EqualSay_G1_Default
